[
    {
        "id": 1,
        "name": "Classic Silver",
        "image": "Classic-silver",
        "price": 299,
        "description": "A timeless silver watch with genuine leather strap. This elegant timepiece features a minimalist design with a clean white dial, silver hour markers, and a durable stainless steel case. Perfect for both formal and casual occasions, the Classic Silver watch combines traditional craftsmanship with modern reliability for a truly versatile accessory.",
        "color": [
            0.8,
            0.8,
            0.85
        ],
        "features": [
            "Stainless steel case",
            "Genuine leather strap",
            "Water resistant to 30m",
            "Sapphire crystal glass",
            "Japanese quartz movement"
        ],
        "category": "Male",
        "availableSizes": [
            "S",
            "M",
            "L",
            "XL"
        ]
    },
    {
        "id": 2,
        "name": "Elegant Rose Gold",
        "image": "Elegant-Rose-Gold",
        "price": 329,
        "description": "An elegant rose gold watch designed for the modern woman. This sophisticated timepiece features a slim profile, mother-of-pearl dial with diamond hour markers, and a stunning mesh bracelet. The Elegant Rose Gold watch adds a touch of luxury to any outfit, perfect for both special occasions and everyday wear.",
        "color": [
            0.94,
            0.76,
            0.73
        ],
        "features": [
            "Rose gold-plated case",
            "Mother-of-pearl dial",
            "Diamond hour markers",
            "Mesh bracelet",
            "Water resistant to 30m",
            "Japanese quartz movement"
        ],
        "category": "Female",
        "availableSizes": [
            "XS",
            "S",
            "M"
        ]
    },
    {
        "id": 3,
        "name": "Petite Pearl",
        "image": "Petite-Pearl",
        "price": 289,
        "description": "A delicate watch designed for smaller wrists. This refined timepiece features a petite case, pearlescent dial, and a slim leather strap. The Petite Pearl watch offers feminine elegance with practical functionality, making it the perfect accessory for any occasion.",
        "color": [
            0.9,
            0.9,
            0.95
        ],
        "features": [
            "Small case diameter (28mm)",
            "Pearl-effect dial",
            "Genuine leather strap",
            "Water resistant to 30m",
            "Swiss quartz movement",
            "Scratch-resistant sapphire crystal"
        ],
        "category": "Female",
        "availableSizes": [
            "XS",
            "S",
            "M"
        ]
    },
    {
        "id": 4,
        "name": "Active Fitness",
        "image": "Active-fitness",
        "price": 229,
        "description": "A fitness watch designed for active women. This stylish timepiece features a comfortable silicone strap, heart rate monitor, step counter, and various exercise modes. The Active Fitness watch combines fashion with functionality to help you track your wellness goals while looking great.",
        "color": [
            0.85,
            0.65,
            0.85
        ],
        "features": [
            "Heart rate monitor",
            "Step counter",
            "Sleep tracking",
            "Multiple exercise modes",
            "Water resistant to 50m",
            "Smartphone notifications",
            "5-day battery life"
        ],
        "category": "Female",
        "availableSizes": [
            "S",
            "M"
        ]
    },
    {
        "id": 5,
        "name": "Kids Explorer",
        "image": "Kids-explorer",
        "price": 99,
        "description": "A durable and fun watch designed specifically for children. This colorful timepiece features a shock-resistant case, easy-to-read dial, and a comfortable adjustable strap. The Kids Explorer watch is perfect for young adventurers, helping them learn to tell time while withstanding the rigors of active play.",
        "color": [
            0.2,
            0.6,
            0.8
        ],
        "features": [
            "Shock-resistant case",
            "Easy-to-read dial",
            "Adjustable strap",
            "Water resistant to 30m",
            "Teaching dial with minute markers",
            "Glows in the dark"
        ],
        "category": "Kids",
        "availableSizes": [
            "XS",
            "S"
        ]
    },
    {
        "id": 6,
        "name": "Junior Digital",
        "image": "Junior-digital",
        "price": 79,
        "description": "A digital watch designed for older children and teens. This versatile timepiece features multiple alarms, stopwatch, countdown timer, and a backlight. The Junior Digital watch combines practical functionality with age-appropriate style, perfect for growing independence.",
        "color": [
            0.3,
            0.7,
            0.3
        ],
        "features": [
            "Multiple alarms",
            "Stopwatch",
            "Countdown timer",
            "Backlight",
            "Water resistant to 50m",
            "Long battery life"
        ],
        "category": "Kids",
        "availableSizes": [
            "XS",
            "S",
            "M"
        ]
    },
    {
        "id": 7,
        "name": "Mesh Bracelet",
        "image": "Mesh-bracelet",
        "price": 59,
        "description": "A sophisticated mesh bracelet for watches. This stylish accessory features finely woven stainless steel mesh, a secure clasp, and an adjustable length. The Mesh Bracelet offers a modern, versatile look that transitions seamlessly from day to evening wear.",
        "color": [
            0.75,
            0.75,
            0.75
        ],
        "features": [
            "Stainless steel mesh",
            "Secure clasp",
            "Adjustable length",
            "Multiple finishes available",
            "Compatible with standard watches"
        ],
        "category": "Accessories",
        "availableSizes": [
            "S",
            "M",
            "L"
        ]
    },
    {
        "id": 8,
        "name": "Premium Leather Band",
        "image": "Premium-band",
        "price": 49,
        "description": "A premium-quality leather band for watches. This elegant accessory features genuine calfskin leather, precise stitching, and a durable stainless steel buckle. The Premium Leather Band adds a touch of sophistication to any timepiece while ensuring comfortable all-day wear.",
        "color": [
            0.4,
            0.3,
            0.2
        ],
        "features": [
            "Genuine calfskin leather",
            "Precise stitching",
            "Stainless steel buckle",
            "Multiple size options",
            "Compatible with standard watches"
        ],
        "category": "Accessories",
        "availableSizes": [
            "S",
            "M",
            "L",
            "XL"
        ]
    },
    {
        "id": 9,
        "name": "Silicon Sport Band",
        "image": "Silicon-band",
        "price": 29,
        "description": "A durable silicone band for active lifestyles. This practical accessory features waterproof material, breathable design, and a secure buckle. The Silicone Sport Band is perfect for workouts, swimming, and outdoor activities, ensuring your watch stays firmly in place during movement.",
        "color": [
            0.2,
            0.2,
            0.2
        ],
        "features": [
            "Waterproof silicone",
            "Breathable design",
            "Secure buckle",
            "Multiple color options",
            "Compatible with standard watches"
        ],
        "category": "Accessories",
        "availableSizes": [
            "S",
            "M",
            "L"
        ]
    }
]