[
  {
    "id": 1,
    "name": "Classic Silver",
    "image": "watch-classic-silver",
    "price": 299,
    "description": "A timeless silver watch with genuine leather strap. This elegant timepiece features a minimalist design with a clean white dial, silver hour markers, and a durable stainless steel case. Perfect for both formal and casual occasions, the Classic Silver watch combines traditional craftsmanship with modern reliability for a truly versatile accessory.",
    "color": [0.8, 0.8, 0.85],
    "features": ["Stainless steel case", "Genuine leather strap", "Water resistant to 30m", "Sapphire crystal glass", "Japanese quartz movement"],
    "category": "Male",
    "availableSizes": ["S", "M", "L", "XL"]
  },
  {
    "id": 2,
    "name": "Luxury Gold",
    "image": "watch-luxury-gold",
    "price": 599,
    "description": "An exquisite gold-plated watch that exudes luxury. This premium timepiece features a sophisticated champagne dial with roman numerals, a date window at 3 o'clock, and a polished gold-tone stainless steel bracelet. The Luxury Gold watch is a statement of refinement, designed for those who appreciate the finer things in life.",
    "color": [0.95, 0.78, 0.37],
    "features": ["18K gold-plated case", "Stainless steel bracelet", "Water resistant to 50m", "Scratch-resistant sapphire crystal", "Swiss automatic movement", "Date display"],
    "category": "Male",
    "availableSizes": ["M", "L", "XL"]
  },
  {
    "id": 3,
    "name": "Sport Black",
    "image": "watch-sport-black",
    "price": 249,
    "description": "A rugged sport watch designed for active lifestyles. This durable timepiece features a black silicone strap, bright luminous hands and markers, and multiple chronograph dials for precise timing. Water-resistant and shock-resistant, the Sport Black watch is the perfect companion for your athletic pursuits and outdoor adventures.",
    "color": [0.2, 0.2, 0.2],
    "features": ["Durable black case", "Silicone sport strap", "Water resistant to 100m", "Chronograph function", "Luminous hands and markers", "Tachymeter bezel"],
    "category": "Male",
    "availableSizes": ["S", "M", "L", "XL"]
  },
  {
    "id": 4,
    "name": "Casual Brown",
    "image": "watch-casual-brown",
    "price": 199,
    "description": "A versatile casual watch with a warm brown leather strap. This comfortable timepiece features a simple brown dial with gold-tone accents, a date window, and a sleek stainless steel case. The Casual Brown watch blends effortlessly with your everyday wardrobe, offering reliable timekeeping with understated style.",
    "color": [0.65, 0.45, 0.25],
    "features": ["Brushed steel case", "Brown leather strap", "Water resistant to 30m", "Date display", "Mineral crystal glass", "Quartz movement"],
    "category": "Male",
    "availableSizes": ["S", "M", "L"]
  },
  {
    "id": 5,
    "name": "Smart Digital",
    "image": "watch-smart-digital",
    "price": 349,
    "description": "A cutting-edge digital smartwatch with health and fitness tracking capabilities. This modern timepiece features a vibrant color touchscreen, customizable watch faces, and a sleek silicone strap. The Smart Digital watch connects to your phone for notifications and offers heart rate monitoring, sleep tracking, and multiple workout modes.",
    "color": [0.3, 0.3, 0.35],
    "features": ["Touchscreen display", "Heart rate monitor", "Sleep tracking", "Smartphone notifications", "20+ workout modes", "Water resistant to 50m", "7-day battery life"],
    "category": "Male",
    "availableSizes": ["S", "M", "L"]
  },
  {
    "id": 6,
    "name": "Vintage Leather",
    "image": "watch-vintage-leather",
    "price": 279,
    "description": "A nostalgic watch inspired by classic designs from the mid-20th century. This vintage-style timepiece features an aged leather strap, cream dial with retro typography, and a domed crystal. The Vintage Leather watch brings timeless appeal to your wrist, combining historical aesthetics with modern reliability.",
    "color": [0.55, 0.35, 0.2],
    "features": ["Brass-tone case", "Aged leather strap", "Domed crystal glass", "Vintage-inspired dial", "Japanese quartz movement", "Limited edition numbering"],
    "category": "Male",
    "availableSizes": ["M", "L", "XL"]
  },
  {
    "id": 7,
    "name": "Elegant Rose Gold",
    "image": "watch-elegant-rose-gold",
    "price": 329,
    "description": "An elegant rose gold watch designed for the modern woman. This sophisticated timepiece features a slim profile, mother-of-pearl dial with diamond hour markers, and a stunning mesh bracelet. The Elegant Rose Gold watch adds a touch of luxury to any outfit, perfect for both special occasions and everyday wear.",
    "color": [0.94, 0.76, 0.73],
    "features": ["Rose gold-plated case", "Mother-of-pearl dial", "Diamond hour markers", "Mesh bracelet", "Water resistant to 30m", "Japanese quartz movement"],
    "category": "Female",
    "availableSizes": ["XS", "S", "M"]
  },
  {
    "id": 8,
    "name": "Petite Pearl",
    "image": "watch-petite-pearl",
    "price": 289,
    "description": "A delicate watch designed for smaller wrists. This refined timepiece features a petite case, pearlescent dial, and a slim leather strap. The Petite Pearl watch offers feminine elegance with practical functionality, making it the perfect accessory for any occasion.",
    "color": [0.9, 0.9, 0.95],
    "features": ["Small case diameter (28mm)", "Pearl-effect dial", "Genuine leather strap", "Water resistant to 30m", "Swiss quartz movement", "Scratch-resistant sapphire crystal"],
    "category": "Female",
    "availableSizes": ["XS", "S", "M"]
  },
  {
    "id": 9,
    "name": "Active Fitness",
    "image": "watch-active-fitness",
    "price": 229,
    "description": "A fitness watch designed for active women. This stylish timepiece features a comfortable silicone strap, heart rate monitor, step counter, and various exercise modes. The Active Fitness watch combines fashion with functionality to help you track your wellness goals while looking great.",
    "color": [0.85, 0.65, 0.85],
    "features": ["Heart rate monitor", "Step counter", "Sleep tracking", "Multiple exercise modes", "Water resistant to 50m", "Smartphone notifications", "5-day battery life"],
    "category": "Female",
    "availableSizes": ["S", "M"]
  },
  {
    "id": 10,
    "name": "Kids Explorer",
    "image": "watch-kids-explorer",
    "price": 99,
    "description": "A durable and fun watch designed specifically for children. This colorful timepiece features a shock-resistant case, easy-to-read dial, and a comfortable adjustable strap. The Kids Explorer watch is perfect for young adventurers, helping them learn to tell time while withstanding the rigors of active play.",
    "color": [0.2, 0.6, 0.8],
    "features": ["Shock-resistant case", "Easy-to-read dial", "Adjustable strap", "Water resistant to 30m", "Teaching dial with minute markers", "Glows in the dark"],
    "category": "Kids",
    "availableSizes": ["XS", "S"]
  },
  {
    "id": 11,
    "name": "Junior Digital",
    "image": "watch-junior-digital",
    "price": 79,
    "description": "A digital watch designed for older children and teens. This versatile timepiece features multiple alarms, stopwatch, countdown timer, and a backlight. The Junior Digital watch combines practical functionality with age-appropriate style, perfect for growing independence.",
    "color": [0.3, 0.7, 0.3],
    "features": ["Multiple alarms", "Stopwatch", "Countdown timer", "Backlight", "Water resistant to 50m", "Long battery life"],
    "category": "Kids",
    "availableSizes": ["XS", "S", "M"]
  },
  {
    "id": 12,
    "name": "Premium Leather Band",
    "image": "watch-premium-band",
    "price": 49,
    "description": "A premium-quality leather band for watches. This elegant accessory features genuine calfskin leather, precise stitching, and a durable stainless steel buckle. The Premium Leather Band adds a touch of sophistication to any timepiece while ensuring comfortable all-day wear.",
    "color": [0.4, 0.3, 0.2],
    "features": ["Genuine calfskin leather", "Precise stitching", "Stainless steel buckle", "Multiple size options", "Compatible with standard watches"],
    "category": "Accessories",
    "availableSizes": ["S", "M", "L", "XL"]
  },
  {
    "id": 13,
    "name": "Mesh Bracelet",
    "image": "watch-mesh-bracelet",
    "price": 59,
    "description": "A sophisticated mesh bracelet for watches. This stylish accessory features finely woven stainless steel mesh, a secure clasp, and an adjustable length. The Mesh Bracelet offers a modern, versatile look that transitions seamlessly from day to evening wear.",
    "color": [0.75, 0.75, 0.75],
    "features": ["Stainless steel mesh", "Secure clasp", "Adjustable length", "Multiple finishes available", "Compatible with standard watches"],
    "category": "Accessories",
    "availableSizes": ["S", "M", "L"]
  },
  {
    "id": 14,
    "name": "Silicon Sport Band",
    "image": "watch-silicon-band",
    "price": 29,
    "description": "A durable silicone band for active lifestyles. This practical accessory features waterproof material, breathable design, and a secure buckle. The Silicone Sport Band is perfect for workouts, swimming, and outdoor activities, ensuring your watch stays firmly in place during movement.",
    "color": [0.2, 0.2, 0.2],
    "features": ["Waterproof silicone", "Breathable design", "Secure buckle", "Multiple color options", "Compatible with standard watches"],
    "category": "Accessories",
    "availableSizes": ["S", "M", "L"]
  }
]
